<?xml version="1.0" encoding="UTF-8"?>
<LightningMessageChannel xmlns="http://soap.sforce.com/2006/04/metadata">
    <masterLabel>SampleMessageChannel</masterLabel>
    <isExposed>true</isExposed>
    <description>This is sample Message channel to learn LMS</description>

   <lightningMessageFields>
        <fieldName>mName</fieldName>
        <description>Name of a person</description>
   </lightningMessageFields>

   <!-- <lightningMessageFields>
        <fieldName></fieldName>
        <description>This is record Data</description>
   </lightningMessageFields> -->
</LightningMessageChannel>